Code,Name,Manager,MB,Traffic
1484,1484,Tony,, 
1802,1802,Nikita,, 
1806,1806,Tony,, 
1831,1831,Tony,, 
1836,1836,Tony,, 
1616,13ADS,Shaun,, 
2089,AAR,Konsta,, 
2295,ABBS,Konsta,, 
148,ABC,Nikita,, 
1565,ABG,Vlad.N,, 
2502,ABI,Cynthia,, 
1476,ABM,Helen,, 
1010,ABT,Shaun,, 
1321,ABT4,Shaun,, 
74,ACP,Tony,, 
1414,ADA,Vlad.N,, 
2252,ADB,Anya,, 
2680,ADD,Anya,, 
1897,ADFLY,Marcus,, 
2149,ADHRS,Konsta,, 
2194,ADP,Konsta,, 
2693,ADR,Chloe,, 
52,ADS,Shaun,, 
354,ADS2,Shaun,, 
1689,ADS3,Shaun,, 
2102,ADS4,Shaun,, 
221,ADT,Tony,, 
3007,ADW,Anya,, 
2142,ADWL,Konsta,, 
2983,ADX,Konsta,, 
2639,ADY,Chloe,, 
336,AFF3,Anya,, 
2619,AFFV,Konsta,, 
2633,AFFY,Chloe,, 
2995,AGL,Konsta,, 
1945,AHMT,Anya,, 
2988,AJA,Konsta,, 
2686,AJT,Konsta,, 
2745,AKA,Konsta,, 
1489,AKMA,Nikita,, 
2407,AKS,Chloe,, 
2694,AKT,Konsta,, 
2736,ALE,Anya,, 
2804,ALEX,Cynthia,, 
2594,ALG,Konsta,, 
2654,ALN,Chloe,, 
1968,ALR,Nikita,, 
2057,ALSK,Shaun,, 
1446,ALT,Vlad.N,, 
922,ALX,Tony,, 
3023,AMI,Anya,, 
1727,AMZ,Marcus,, 
1906,AND,Nikita,, 
2144,ANDRIN,Marcus,, 
2611,ANE,Helen,, 
2480,ANGT,Chloe,, 
2800,ANLE,Cynthia,, 
2781,ANN,Cynthia,, 
2981,ANR,Konsta,, 
2522,ANT,Chloe,, 
2837,ANV,Cynthia,, 
2713,ANZ,Konsta,, 
2579,APTR,Konsta,, 
2874,ARAY,Chloe,, 
59,ARB,Cynthia,, 
2438,ARB3,Nikita,, 
2681,ARBP,Anya,, 
2369,ARD,Chloe,, 
2506,ARI,Konsta,, 
2575,ARK,Shaun,, 
3034,ARM,Konsta,, 
2284,ARN,Konsta,, 
2827,ARS,Cynthia,, 
1836,ART,Nikita,, 
752,ASIGHT,Anya,, 
2701,ASK,Chloe,, 
88,AT,Helen,, 
2585,ATG,Konsta,, 
2288,ATM,Konsta,, 
2442,ATN,Konsta,, 
2435,AVA,Konsta,, 
2631,BAHA,Chloe,, 
2735,BAT,Konsta,, 
1907,BBK,Vlad.N,, 
2074,BEX,Cynthia,, 
2097,BFS,Helen,, 
19,BGL,Cynthia,, 
2232,BGM,Konsta,, 
2206,BGRS,Konsta,, 
1475,BH,Cynthia,, 
2121,BHD,Chloe,, 
2592,BLZ,Shaun,, 
2281,BNN,Konsta,, 
2511,BRS,Konsta,, 
2826,BRT,Konsta,, 
2043,BSH,Nikita,, 
2426,BST,Konsta,, 
2990,BUI,Anya,, 
1762,BUL,Vlad.N,, 
2933,BUZ,Cynthia,, 
2938,BVH,Anya,, 
2236,BVP,Stanley,, 
2042,CAS,Vlad.N,, 
3003,CAVA,Stanley,, 
1748,CCF,Helen,, 
2331,CCL,Helen,, 
1981,CD,Anya,, 
2050,CGP,Nikita,, 
2256,CGP2,Nikita,, 
1565,CHE,Vlad.N,, 
2486,CHI,Shaun,, 
1508,CHN,Chloe,, 
2801,CIN,Anya,, 
2436,CIP,Cynthia,, 
1223,CLE,Nikita,, 
2568,CLN,Helen,, 
2182,CLY,Konsta,, 
2095,CNG,Nikita,, 
2779,COK,Stanley,, 
1149,CPALAB,Nikita,, 
1482,CPT,Nikita,, 
2160,CRP,Chloe,, 
2628,CSF,Konsta,, 
119,CSL,Tony,, 
2075,CTA,Marcus,, 
1268,CTR,Nikita,, 
2910,CTT,Anya,, 
2247,CVS,Helen,, 
1735,DANI,Cynthia,, 
833,DAT,Marcus,, 
2500,DDG,Cynthia,, 
2179,DDN,Anya,, 
1227,DDR,Tony,, 
2567,DDS,Chloe,, 
1936,DEN,Chloe,, 
2935,DEND,Anya,, 
2200,DENL,Konsta,, 
2424,DENS,Chloe,, 
2768,DEV,Anya,, 
2535,DGT,Chloe,, 
2972,DH1,Chloe,, 
2787,DHMN,Cynthia,, 
2008,DK,Helen,, 
3000,DMM,Shaun,, 
2344,DMTD,Chloe,, 
2072,DMY,Chloe,, 
981,DNA,Stanley,, 
667,DNC,Tony,, 
2457,DND,Chloe,, 
2459,DNH,Cynthia,, 
2792,DNK,Cynthia,, 
2134,DNLE,Konsta,, 
47,DNO,Helen,, 
2346,DNS,Chloe,, 
1174,DOMA,Shaun,, 
2012,DOMA2,Shaun,, 
1315,DP,Chloe,, 
2420,DQ,Cynthia,, 
2557,DRD,Cynthia,, 
2573,DRN,Konsta,, 
1808,DSY,Nikita,, 
2537,DTN,Cynthia,, 
1490,DTR,Marcus,, 
2278,DTR2,Marcus,, 
2948,DTT,Cynthia,MB Hoang, 
2755,DVC,Chloe,, 
152,EAB,Shaun,, 
162,EDC,Anya,, 
2871,EGR,Konsta,, 
2019,EJE,Vlad.N,, 
2926,EKA,Stanley,, 
36,EKD,Shaun,, 
178,EKD2,Shaun,, 
2706,ELG,Anya,, 
2688,ELV,Anya,, 
82,EMC,Shaun,, 
2893,EMO,Anya,, 
1898,EMP,Nikita,, 
2886,EMT,Anya,, 
117,ETF,Helen,, 
2966,ETG,Konsta,, 
122,EW,Anya,, 
2525,FAST,Anya,, 
1173,FLY,Anya,, 
2978,FUD,Konsta,, 
1755,FUS,Marcus,, 
2154,FXSE,Konsta,, 
2652,FZL,Konsta,, 
3011,GBB,Anya,, 
2712,GET,Chloe,, 
2758,GFL,Chloe,, 
2136,GFT,Travis,MB Stas, 
2106,GGT,Helen,, 
51,GIA,Helen,, 
1924,GIP,Stanley,, 
48,GL,Konsta,, 
1512,GMX,Vlad.N,, 
2059,GNZ,Shaun,, 
1885,GRD,Shaun,, 
2170,GTAF,Konsta,, 
2177,GTSB,Konsta,, 
2695,GVN,Chloe,, 
2989,HAG,Helen,, 
2033,HAI,Nikita,, 
2596,HAL,Cynthia,, 
886,HAMIM,Jane,, 
1150,HAMS,Anya,, 
2496,HAO,Cynthia,, 
2454,HCT,Cynthia,, 
2443,HDH,Helen,, 
2432,HGB,Chloe,, 
1387,HGG,Marcus,, 
2399,HGT,Chloe,, 
3054,HLP,Anya,, 
2630,HMP,Cynthia,, 
1337,HN,Jane,, 
2392,HNG,Konsta,, 
2515,HNN,Chloe,, 
1882,HNP,Marcus,, 
2731,HNV,Anya,, 
2920,HOA,Chloe,, 
2390,HOT,Konsta,, 
2472,HPM,Chloe,, 
2866,HRD,Konsta,, 
1588,HST,Stanley,, 
613,HTG,Cynthia,, 
2503,HTG3,Cynthia,, 
2622,HUD,Cynthia,, 
2958,HUU,Cynthia,, 
1505,HV,Jane,, 
2554,HVN,Konsta,, 
2921,IBM,Chloe,, 
2491,IFF,Konsta,, 
1820,IFR,Chloe,, 
1332,IG,Chloe,, 
2715,IGN,Konsta,, 
403,IGO,Marcus,, 
2959,ILG,Anya,, 
3030,ILI,Anya,, 
1944,IMN,Vlad.N,, 
3022,INAL,Chloe,, 
2808,INN,Anya,, 
1623,IRV,Shaun,, 
2207,ISA,Konsta,, 
45,JACK,Stanley,, 
1865,JCC,Nikita,, 
2831,JCLK,Anya,, 
2335,JHNY,Konsta,, 
2756,JJS,Stanley,, 
2897,JONS,Anya,, 
1276,KCP,Anya,, 
2114,KHB,Shaun,, 
2661,KHH,Cynthia,, 
1770,KIR,Cynthia,, 
2976,KKB,Anya,, 
1603,KLF,Vlad.N,, 
2164,KLM,Konsta,, 
2634,KLM2,Konsta,, 
2077,KLO,Vlad.N,, 
1429,KLP,Chloe,, 
1456,KM,Tony,, 
65,KMA3,Anya,, 
2906,KMS,Anya,, 
1888,KNS,Chloe,, 
2066,KNZ,Nikita,, 
1881,KPN,Chloe,, 
1203,KPUP,Nikita,, 
1244,KRIS,Nikita,, 
258,KRK,Nikita,, 
2398,KRK2,Nikita,, 
1769,KRL,Vlad.N,, 
2498,KRY,Konsta,, 
1691,KSA,Chloe,, 
2413,KTL,Konsta,, 
2566,KUDO,Cynthia,, 
1566,KUL,Vlad.N,, 
2668,KUN,Helen,, 
2974,KV,Anya,, 
2637,KVT,Konsta,, 
2025,la,Vlad.N,, 
2760,LBB,Anya,, 
2852,LDC,Shaun,, 
1369,LDR,Nikita,, 
2599,LDT,Cynthia,, 
2752,LEE,Cynthia,, 
2494,LEM,Konsta,, 
2277,LEO,Konsta,`, 
2685,LEO1,Chloe,, 
2629,LEX,Chloe,, 
2489,LHN,Chloe,, 
2796,LIAM,Chloe,, 
1729,LIK,Marcus,, 
1547,LIN,Helen,, 
2846,LINH,Anya,, 
2738,LION,Anya,, 
2524,LKN93,Stanley,, 
1408,LKT,Marcus,, 
1634,LKV,Vlad.N,, 
2806,LLM,Konsta,, 
3001,LMV,Shaun,, 
2283,LNG,Cynthia,, 
2569,LNN,Anya,, 
2327,LNV,Helen,, 
2104,LNX,Nikita,, 
1178,LPM,Marcus,, 
1097,LQ,Jane,, 
2147,LQA,Helen,, 
1514,LQT,Marcus,, 
2381,LSN,Chloe,, 
66,LT,Vlad.N,, 
2358,LTH,Chloe,, 
3045,LTS,Chloe,, 
1479,LTT,Marcus,, 
1587,LVD,Vlad.N,, 
2816,LVN,Konsta,, 
2556,LYZ,Konsta,, 
3033,M1,Konsta,, 
156,M1S,Nikita,, 
2385,M1T,Chloe,, 
2895,MABM,Anya,, 
2037,MAD,Jane,, 
1843,MANA,Tony,, 
2081,MARK,Anya,, 
2879,MAX,Helen,, 
1139,MBZ,Helen,, 
1463,MCH,Nikita,, 
2829,MGN,Stanley,, 
1074,MH,Stanley,, 
3047,MHD,Helen,, 
2378,MHS,Konsta,, 
1599,MIC,Marcus,, 
2697,MIKE,Chloe,, 
1468,MKC,Nikita,, 
2899,MKE,Konsta,, 
2744,MKP,Konsta,, 
34,MKR,Shaun,, 
2388,MKS,Chloe,, 
1580,SEG,Vlad.N,, 
3008,MLN,Konsta,, 
2980,MLO,Konsta,, 
2176,MLR,Konsta,, 
2749,MMC,Konsta,, 
2341,MMF,Konsta,, 
2705,MMT,Konsta,, 
2478,MNN,Chloe,, 
2574,MNS,Konsta,, 
1058,MP,Jane,, 
2912,MPRO,Anya,, 
2422,MQD,Marcus,, 
2129,MRB,Konsta,, 
3004,MRC,Konsta,, 
1020,MRM,Vlad.N,, 
2297,MRN,Konsta,, 
2370,MRP,Chloe,, 
2292,MRS,Konsta,, 
2372,MRT,Cynthia,, 
2168,MS,Shaun,, 
2404,MSM,Chloe,, 
2821,MSN,Konsta,, 
2985,MSP,Konsta,, 
2934,MSX,Konsta,, 
753,MT,Anya,, 
1191,MTRD,Shaun,, 
1193,MTRD.S1,Shaun,, 
1192,MTRD.S2,Shaun,, 
2430,MTZ,Chloe,, 
2620,MXM,Chloe,, 
2720,MXR,Konsta,, 
2562,NAB,Cynthia,, 
2410,NAM,Helen,, 
2703,NC,Helen,, 
1943,NCD,Vlad.N,, 
3025,NDC,Cynthia,, 
116,NDT,Stanley,, 
2721,NEH,Konsta,, 
1848,NFT,Chloe,, 
2975,NGM,Helen,, 
281,NGN,Marcus,, 
2034,NGNG,Nikita,, 
2887,NGO,Cynthia,, 
2471,NGS,Chloe,, 
1965,NGVC,Helen,, 
2875,NGVH,Stanley,, 
3048,NH,Helen,, 
2539,NHA,Helen,, 
2861,NHM,Anya,, 
2753,NHN,Chloe,, 
692,NHP,Marcus,, 
2340,NIKT,Nikita,, 
2586,NKD,Chloe,, 
2830,NKK,Konsta,, 
2623,NKL,Cynthia,, 
2202,NKP,Konsta,, 
2470,NLL,Chloe,, 
2772,NLO,Anya,, 
1486,NMG,Chloe,, 
2812,NMT,Chloe,, 
2103,NNA2,Shaun,, 
2518,NNH,Chloe,, 
2802,NNM,Stanley,, 
2359,NNT,Chloe,, 
2453,NNT90,Cynthia,, 
2439,NPA,Konsta,, 
2356,NTA,Chloe,, 
2937,NTJ,Anya,, 
1905,NTK,Chloe,, 
2423,NTL,Anya,, 
2415,NTM,Chloe,, 
1781,NTN,Helen,, 
2936,NTP,Anya,, 
2220,NTT,Helen,, 
1404,NVC,Shaun,, 
1390,NVD,Stanley,, 
2649,NVH,Cynthia,, 
1415,NVN,Marcus,, 
2947,NVQ,Cynthia,MB Hoang, 
809,ODS,Chloe,, 
2662,OFER,Cynthia,, 
47,OFR,Nikita,, 
2774,OFS,Stanley,, 
1462,OK,Cynthia,, 
923,OLG,Konsta,, 
3032,OLH,Chloe,, 
2748,ONE,Anya,, 
2690,ONL,Konsta,, 
2070,PA1,Marcus,, 
2672,PAKO,Chloe,, 
1021,PART,Anya,, 
3042,PAV,Shaun,, 
1287,PD,Helen,, 
2558,PDPL,Konsta,, 
1443,PEN,Nikita,, 
303,PFC,Shaun,, 
2086,PGT,Nikita,, 
2904,PHG,Cynthia,, 
1724,PHH,Anya,, 
2501,PHN,Chloe,, 
1384,PIA,Marcus,, 
44,PIB,Marcus,, 
1739,PINK,Marcus,, 
2883,PL,Helen,, 
2365,PMH,Nikita,, 
2788,PNJ,Chloe,, 
1524,POC,Nikita,, 
790,POM,Tony,, 
2127,PPH,Konsta,, 
2570,PREK,Shaun,, 
1612,PRG,Anya,, 
2195,PRG2,Anya,, 
1878,PRP,Konsta,, 
2553,PRY,Konsta,, 
2373,PTP,Chloe,, 
1561,PTR,Nikita,, 
2545,PTTH,Chloe,, 
1389,PVD,Jane,, 
2726,PVL,Konsta,, 
2953,PVP,Stanley,, 
1929,Q_ALB,Marcus,, 
1799,Q_NKTT,Helen,, 
1821,Q_NKTT2,Marcus,, 
1822,Q_PTQ,Marcus,, 
1789,Q_QCV,Marcus,, 
1825,Q_QVM,Marcus,, 
1824,Q_THK,Marcus,, 
2138,QD,Cynthia,, 
2512,QNN,Chloe,, 
2548,QROB,Cynthia,, 
1753,QT,Anya,, 
2835,QVM,Marcus,, 
2621,RAD,Cynthia,, 
2714,RAQ,Cynthia,, 
2527,RAV1,Anya,, 
2293,RCC,Cynthia,, 
2624,RCC2,Cynthia,, 
2865,RIM,Konsta,, 
1386,RIO,Chloe,, 
841,RIS,Helen,, 
2419,RKS,Konsta,, 
1584,RLA,Chloe,, 
2979,RLG,Konsta,, 
2552,RLN,Chloe,, 
1521,RMN,Nikita,, 
2171,RMNH,Konsta,, 
2709,RNL,Anya,, 
1730,ROM,Shaun,, 
2040,RON,Nikita,, 
2038,ROS,Nikita,, 
2764,ROY,Chloe,, 
2065,RPT,Konsta,, 
2386,RSL,Konsta,, 
2786,RSLN,Stanley,, 
2655,RSN,Chloe,, 
1090,RST,Tony,, 
2952,RSY,Konsta,, 
2242,RTF,Konsta,, 
122,RTK,Helen,, 
2992,SAM,Chloe,, 
2021,SASH,Nikita,, 
1879,SCL,Chloe,, 
157,SER,Chloe,, 
2789,RGS,Chloe,, 
2627,SHER,Chloe,, 
1548,SHL,Marcus,, 
2653,SHU,Konsta,, 
2940,SHW,Konsta,, 
3040,SIM,Konsta,, 
2615,SKM,Chloe,, 
2173,SL,Marcus,, 
2299,SLN,Konsta,, 
2543,SLV,Chloe,, 
2702,SMB,Konsta,, 
2977,SML,Konsta,, 
1779,SNP,Konsta,, 
2507,SNZ,Konsta,, 
2851,SOL,Chloe,, 
2717,SPA,Chloe,, 
1620,SPC,Nikita,, 
2725,SPS,Konsta,, 
1506,SPT,Konsta,, 
1794,SRF,Nikita,, 
1095,SRG,Nikita,, 
2677,SRJ,Konsta,, 
176,SRP,Konsta,, 
2135,SSH2,Nikita,, 
1928,SSS,Nikita,, 
2287,STADS,Marcus,, 
3009,STK,Shaun,, 
2165,STN,Konsta,, 
2665,STR,Anya,, 
2484,SU,Cynthia,, 
3017,SVN,Shaun,, 
1457,TACC,Nikita,, 
1673,TAF,Vlad.N,, 
2613,TAI,Cynthia,, 
2650,TAN,Cynthia,, 
2243,TBS,Helen,, 
1594,TD,Jane,, 
1602,TDK,Chloe,, 
2593,TEM,Nikita,, 
1377,TFC,Shaun,, 
2741,TFF,Konsta,, 
2544,TFM,Chloe,, 
1675,TFR,Vlad.N,, 
55,TG,Chloe,, 
2730,TGN,Chloe,, 
1477,TGV,Nikita,, 
897,THI,Vlad.N,, 
1510,THN,Chloe,, 
1527,TIE,Jane,, 
1693,TIM,Nikita,, 
2722,TK,Helen,, 
77,TLI,Cynthia,, 
1388,TLT,Helen,, 
2387,TMR,Cynthia,, 
1394,TN,Cynthia,, 
2582,TNL,Helen,, 
2427,TNS,Chloe,, 
2352,TNT,Chloe,, 
1669,TOF,Jane,, 
2845,TOM,Chloe,, 
2414,TON,Nikita,, 
3020,TPH,Cynthia,, 
2711,TQT,Cynthia,, 
2124,TRB2,Cynthia,, 
2942,TRC,Chloe,, 
2371,TRD,Chloe,, 
2632,TRDS,Konsta,, 
2675,TRFC,Konsta,, 
318,TRFS,Konsta,, 
1896,TRFS2,Konsta,, 
1853,TRG,Chloe,, 
2783,TRI,Konsta,, 
2625,TRN,Cynthia,, 
2901,TRT,Helen,, 
2351,TRV,Chloe,, 
3021,TRX,Shaun,, 
2855,TT,Chloe,, 
2320,TTN,Cynthia,, 
2916,TTR,Anya,, 
1760,TTT,Marcus,, 
2698,TTX,Konsta,, 
2911,TUNG,Helen,, 
3013,TVT,Anya,, 
1232,U_ABMV,Nikita,, 
964,U_ABTT,Konsta,, 
1043,U_ADOU,Tony,, 
120,U_ADRU,Nikita,, 
1231,U_ADRU2,Nikita,, 
85,U_AFF1,Tony,, 
1397,U_AFLX,Nikita,, 
1000,U_AFS,Vlad.N,, 
60,U_ALD,Chloe,, 
1051,U_ALX,Chloe,, 
1046,U_ARIO,Tony,, 
57,U_ART,Anya,, 
1422,U_AST,Nikita,, 
978,U_BAZ,Tony,, 
1592,U_BBD,Chloe,, 
1144,U_BBR,Nikita,, 
913,U_BKZ,Vlad.N,, 
1352,U_BSKL,Nikita,, 
105,U_CHL,Tony,, 
297,U_CPC,Tony,, 
797,U_CVT,Konsta,, 
1052,U_DAT,Tony,, 
931,U_DKL,Chloe,, 
1904,U_DLM,Nikita,, 
257,U_DMR,Konsta,, 
99,U_ELB,Anya,, 
1044,U_ETHC,Cynthia,, 
2724,U_ETHC2,Cynthia,, 
1147,U_EUG,Nikita,, 
1184,U_EVG,Nikita,, 
1196,U_HYP,Shaun,, 
800,U_IDV,Tony,, 
2729,U_IGG,Shaun,, 
1784,U_IGRW,Chloe,, 
1250,U_IZSV,Konsta,, 
1589,U_JDP,Chloe,, 
1014,U_KGS,Shaun,, 
1265,U_KLL,Nikita,, 
2678,U_KOO,Chloe,, 
1597,U_KTV,Chloe,, 
1068,U_LGN,Chloe,, 
1255,U_LHG,Konsta,, 
58,U_LIM,Shaun,, 
1025,U_LOON,Chloe,, 
81,U_LRK,Anya,, 
140,U_M4L,Chloe,, 
860,U_MCL,Shaun,, 
675,U_MFB,Vlad.N,, 
709,U_MFB2,Vlad.N,, 
1366,U_MFB3,Vlad.N,, 
1652,U_MFB4,Vlad.N,, 
1111,U_MISH,Chloe,, 
1302,U_MRDP,Nikita,, 
242,U_MTL,Chloe,, 
1070,U_NIK,Vlad.N,, 
72,U_NNA,Shaun,, 
2262,U_NTT,Shaun,, 
1135,U_NZR,Nikita,, 
1416,U_OST,Chloe,, 
53,U_PAG,Cynthia,, 
102,U_PFP,Vlad.N,, 
1491,U_PIN,Chloe,, 
1142,U_PONO,Nikita,, 
1158,U_QUYR,Nikita,, 
246,U_RUS,Tony,, 
875,U_SFN,Konsta,, 
855,U_SHK,Shaun,, 
1211,U_SSH,Konsta,, 
83,U_TER,Anya,, 
250,U_TEX,Tony,, 
1026,U_TLC,Chloe,, 
2269,U_TRN,Shaun,, 
1175,U_URG,Nikita,, 
1258,U_VKG,Nikita,, 
555,U_WCP,Anya,, 
1117,U_WKM,Nikita,, 
1110,U_Yev,Nikita,, 
1559,U_YKLL,Chloe,, 
2880,UKTR,Anya,, 
2892,ULY,Stanley,, 
2924,UNIC,Chloe,, 
1738,UNL,Marcus,, 
1511,UV,Chloe,, 
2212,V_CPA,Shaun,, 
2079,VAC,Jane,, 
2161,VAD,Shaun,, 
2909,VAL,Konsta,, 
351,VAN,Tony,, 
2811,VBL,Konsta,, 
2166,VBT,Cynthia,, 
2347,VCR,Chloe,, 
1639,VDH,Marcus,, 
2583,VDN,Konsta,, 
2718,VDS,Chloe,, 
1336,VH,Chloe,, 
2945,VHG,Cynthia,MB Hoang, 
2485,VHH,Chloe,, 
2863,VHS,Anya,, 
1106,VIC,Konsta,, 
2696,VIN,Chloe,, 
802,VIT,Konsta,, 
2451,VLA1,Chloe,, 
1653,VLD,Nikita,, 
1761,VLDS,Konsta,, 
2580,VLM,Chloe,, 
2640,VLV,Chloe,, 
2803,VM,Anya,, 
2951,VMQH,Stanley,MB Hoang, 
2350,VND,Chloe,, 
2353,VNG,Chloe,, 
2383,VNH,Chloe,, 
2946,VNM,Chloe,, 
2302,VNT,Travis,MB Hoang, 
3050,VOP,Anya,, 
2455,VSB,Chloe,, 
2082,VSL,Shaun,, 
2368,VSV,Chloe,, 
1393,VT,Marcus,, 
2517,VTA,Cynthia,, 
2609,VTD,Cynthia,, 
2343,VTLY,Konsta,, 
1448,VTN,Nikita,, 
2814,VTR,Chloe,, 
2658,VTSN,Cynthia,, 
2842,VTT,Cynthia,, 
1752,VUT,Helen,, 
2819,VVH,Cynthia,, 
2224,WBK,Shaun,, 
3015,WILL,Chloe,, 
2907,XEN,Chloe,, 
2045,XHD,Nikita,, 
2384,XPR,Konsta,, 
2905,XPT,Chloe,, 
212,XXX,Tony,, 
2380,YAD,Chloe,, 
2890,YAN,Stanley,, 
3028,YANG,Helen,, 
986,YAS,Tony,, 
1952,YAV,Vlad.N,, 
2939,YGR,Konsta,, 
2682,YKV,Konsta,, 
2367,YODO,Anya,, 
2428,YUN,Chloe,, 
2716,ZBR,Konsta,, 
3024,ZEN,Cynthia,, 
2644,ZHD,Shaun,, 
2889,ZNB,Anya,, 
2093,ZVD,Nikita,, 
3051,DOMA3,Shaun,, 
3057,JHS,Konsta,, 
3055,GST,Konsta,, 
2396,RML,Konsta,, 
3038,LQK,Stanley,, 
2560,TRU,Stanley,, 
3063,FBS,Shaun,, 
3059,RMAN,Chloe,, 
3060,TUP,Cynthia,, 
3061,TA8,Anya,, 
3066,MLEAD,Chloe,, 
3065,DCA,Anya,, 
3068,TLE,Helen,, 
3067,TMST,Anya,, 
3064,MRQ,Anya,, 
3070,VDM,Konsta,, 
3072,RDC,Konsta,, 
3079,WLM,Konsta,, 
3078,PXT,Helen,, 
3082,DVT,Anya,, 
3083,CMO,Konsta,, 
3087,YEN,Cynthia,, 
3086,ZHR,Stanley,, 
3091,OLEK,Anya,, 
3046,VHN,Helen,, 
2495,ARCC,Shaun,, 
3085,HLE,Helen,, 
3097,VLY,Chloe,, 
3069,BGB,Stanley,, 
3105,VUH,Konsta,, 
3107,NHL,Konsta,, 
3099,CHM,Konsta,, 
3106,ABK,Konsta,, 
3108,NAMH,Anya,, 
3100,YAD1,Shaun,, 
3076,OMD,Shaun,, 
2447,TCP,Helen,, 
1333,KSN,Konsta,, 
3111,SAB,Shaun,, 
3103,NTV,Helen,, 
3109,DCV,Helen,, 
3098,TQQ,Helen,, 
3113,ALM,Konsta,, 
3115,LSZ,Shaun,, 
3116,MNC,Stanley,, 
3124,VLR,Chloe,, 
3122,ZAS,Anya,, 
3125,SRK,Konsta,, 
3128,MIK,Anya,, 
3131,SIN,Tony,, 
3130,TCH,Cynthia,, 
3133,TQ,Chloe,, 
3134,AFC,Shaun,, 
3135,NPL,Chloe,, 
3138,JNI,Konsta,, 
3143,RMS,Shaun,, 
3144,JCPH,Shaun,, 
3137,HT,Anya,, 
3139,NYN,Anya,, 
877,MV,Cynthia,, 
3150,SMN,Shaun,, 
2561,BM,Stanley,, 
3142,LHA,Cynthia,, 
1953,MTRD.S3,Shaun,, 
3148,MKL,Stanley,, 
3156,KEN,Chloe,, 
2143,UNF,Shaun,, 
3112,TEMA,Stanley,, 
3153,MTA,Stanley,, 
3159,ELD,Shaun,, 
3162,TOR,Tony,, 
895,U_BOR,Tony,, 
3165,AFT,Tony,, 
3129,DHA,Helen,, 
3110,ADSI,Helen,, 
3168,SZN,Tony,, 
3169,DHN,Anya,, 
3170,PGA,Chloe,, 
3173,ROI,Shaun,, 
3172,A2B,Shaun,, 
3177,MAMBA,Konsta,, 
3178,AKAS,Konsta,, 
3180,LGT,Tony,, 
2172,LST,Shaun,, 
3181,NKA,Chloe,, 
3185,DNO2,Helen,, 
3184,ADRV,Konsta,, 
3044,SVN2,Shaun,, 
3176,NHH,Helen,, 
3187,THANH,Anya,, 
3189,C2C,Shaun,, 
1692,VIR,Konsta,, 
956,VTL,Anya,, 
3192,HH,Anya,, 
3193,ADDP,Shaun,, 
3196,ALEXO,Anya,, 
3199,MJ,Chloe,, 
3200,NALIV,Anya,, 
3201,THTH,Helen,, 
3203,MPM,Tony,, 
3163,SHS,Konsta,, 
2333,ARBT,Konsta,, 
3194,BQTA,Stanley,, 
3195,PG,Helen,, 
3191,NS,Helen,, 
3207,DMK,Konsta,, 
3208,IVN,Tony,, 
3213,VBS,Konsta,, 
3218,M4F,Konsta,, 
3216,IAN,Chloe,, 
3221,VLH,Tony,, 
3224,NVS,Helen,, 
2355,DT,Helen,, 
3146,VAT,Helen,, 
3227,TVN,Helen,, 
3226,OKD,Anya,, 
3217,IVA,Anya,, 
3228,ALP,Chloe,, 
3232,GASU,Anya,, 
3229,LIL,Konsta,, 
3230,NVT,Stanley,, 
3222,CAN,Vlad.N,, 
958,U_OLG,Tony,, 
3242,UNC,Chloe,, 
1883,AFI,Konsta,, 
3243,JYL,Konsta,, 
3231,FLG,Cynthia,MB Hoang, 
3244,TCT,Cynthia,, 
3233,DTD,Stanley,, 
3245,DRT,Tony,, 
3246,RSH,Tony,, 
3247,ISL,Stanley,, 
3252,NHV,Anya,, 
3253,TFL,Tony,, 
3254,WLK,Tony,, 
3255,SMM,Tony,, 
3256,DVM,Tony,, 
1568,RRS,Tony,, 
3262,CRA,Tony,, 
3264,UVVA,Konsta,, 
3265,KONS,Chloe,, 
3271,KAT,Tony,, 
3270,HRY,Cynthia,, 
3272,DLV,Konsta,, 
3274,ZER,Tony,, 
3275,TMA,Tony,, 
3247,PRO,Stanley,, 
3238,RBR,Konsta,, 
3276,RCA,Konsta,, 
3278,FKS,Tony,, 
3277,ALP2,Tony,, 
3280,NMC,Chloe,, 
3267,BBY,Stanley,, 
3281,PNH,Helen,, 
3283,DLN,Konsta,, 
3279,HDN,Helen,, 
3288,NYK,Tony,, 
3291,LORD,Konsta,, 
3289,LAS,Helen,, 
3290,DTH,Helen,, 
3292,DT2,Helen,, 
3294,TRGD,Stanley,, 
3299,BDK,Tony,, 
3293,DNL,Tony,, 
3297,NWT,Konsta,, 
3300,PMT,Shaun,, 
1522,HD,Tony,, 
2315,BQN,Tony,, 
3303,CVT,Helen,, 
3305,HNI,Stanley,, 
3306,YCHK,Tony,, 
3307,ALNX,Konsta,, 
3310,NNN,Chloe,, 
3311,NU,Shaun,, 
3304,DD,Helen,, 
3314,SNG,Konsta,, 
3315,PLL,Tony,, 
3316,KKV,Tony,, 
3319,TAV,Tony,, 
3320,HPC,Stanley,, 
3321,ATC,Tony,, 
3287,AUR,David,, 
3324,GLG,Chloe,, 
3309,TLGK,Stanley,, 
3329,TMT,Tony,, 
3322,NKT2,Konsta,, 
3330,PRGH,Konsta,, 
3333,TIG,Nikita,, 
3336,INRT,Konsta,, 
1974,EPHR,Tony,, 
3335,IGOR,Chloe,, 
3337,HSU,Tony,, 
3338,ONP,Konsta,, 
3325,LDD,Stanley,, 
3340,AWT,Shaun,, 
3175,CEO,Anya,, 
3343,EZA,Tony,, 
3344,MDS,Helen,, 
3348,TFA,Tony,, 
3347,DAR,Konsta,, 
3354,ZTM,Tony,, 
3358,SNW,Konsta,, 
3361,ND,Helen,, 
3363,EGOR,Chloe,, 
3364,INRT2,Konsta,, 
3357,LFT,Tony,, 
3367,TRM,Chloe,, 
3366,DTHA,Tony,, 
3371,TVV,Cynthia,, 
3375,MYM,Konsta,, 
3352,TNP,Stanley,, 
3377,RDN,Konsta,, 
3407,DDH,Tony,, 
3388,FRN,Konsta,, 
3400,MGL,Shaun,, 
3424,FTP,Chloe,, 
3425,BNC,Konsta,, 
1860,AVF,Stanley,, 
3429,TMM,Konsta,, 
3428,DMS,Konsta,, 
3431,HOG,Chloe,, 
3391,MEOW,Chloe,, 
3419,TSR,Tony,, 
2931,ARK2,Shaun,, 
3433,GGR,Stanley,, 
3435,ADL,Chloe,, 
3438,ARG,Konsta,, 
3426,NTS,Stanley,, 
3395,ABD,Chloe,, 
3394,BAG,Chloe,, 
3430,NTTN,Stanley,, 
3446,NLTN,Helen,, 
3451,TNM,Stanley,, 
3452,ALXR,Shaun,, 
3401,MSR,Stanley,, 
289,NEF,Stanley,, 
3457,VLS,Chloe,, 
3465,TVD,Cynthia,, 
