Link Gsheet,Sheet name,Column name,Column name_postgre,Column type,Name table,Due date,Status,Check dup,
Assumption_Input.xlsx,weekly_position,country_code,country_code,string,dim_fin_weekly_position,27/08/2024,Done,1,checkDupDim
Assumption_Input.xlsx,weekly_position,position,position,string,dim_fin_weekly_position,27/08/2024,Done,1,checkDupDim
Assumption_Input.xlsx,weekly_position,date_applied,date_applied,date32,dim_fin_weekly_position,27/08/2024,Done,1,checkDupDim
Assumption_Input.xlsx,weekly_position,fte_per_day,fte_per_day,float32,dim_fin_weekly_position,27/08/2024,Done,0,
Assumption_Input.xlsx,weekly_position,cost_per_fte_per_day,cost_per_fte_per_day,float32,dim_fin_weekly_position,27/08/2024,Done,0,
Assumption_Input.xlsx,weekly_country_fixed,country_code,country_code,string,dim_fin_weekly_country_fixed,27/08/2024,Done,1,checkDupDim
Assumption_Input.xlsx,weekly_country_fixed,vat,vat,float32,dim_fin_weekly_country_fixed,27/08/2024,Done,0,
Assumption_Input.xlsx,weekly_country_fixed,fct,fct,float32,dim_fin_weekly_country_fixed,27/08/2024,Done,0,
Assumption_Input.xlsx,weekly_country_fixed,markup,markup,float32,dim_fin_weekly_country_fixed,27/08/2024,Done,0,
Assumption_Input.xlsx,weekly_type,country_code,country_code,string,dim_fin_weekly_type,27/08/2024,Done,1,checkDupDateRange
Assumption_Input.xlsx,weekly_type,start_date,start_date,date32,dim_fin_weekly_type,27/08/2024,Done,1,checkDupDateRange
Assumption_Input.xlsx,weekly_type,end_date,end_date,date32,dim_fin_weekly_type,27/08/2024,Done,1,checkDupDateRange
Assumption_Input.xlsx,weekly_type,commission_IBS-FIT,commission_ibs_fit,float,dim_fin_weekly_type,27/08/2024,Done,0,
Assumption_Input.xlsx,weekly_type,commission_IBS-HC,commission_ibs_hc,float,dim_fin_weekly_type,27/08/2024,Done,0,
Assumption_Input.xlsx,weekly_type,commission_IBS-ME,commission_ibs_me,float,dim_fin_weekly_type,27/08/2024,Done,0,
Assumption_Input.xlsx,weekly_type,commission_IBS-SL&BT,commission_ibs_sl_bt,float,dim_fin_weekly_type,27/08/2024,Done,0,
Assumption_Input.xlsx,weekly_type,commission_CIT,commission_cit,float,dim_fin_weekly_type,27/08/2024,Done,0,
Assumption_Input.xlsx,weekly_country_variable,country_code,country_code,string,dim_fin_weekly_country_variable,27/08/2024,Done,1,checkDupDateRange
Assumption_Input.xlsx,weekly_country_variable,start_date,start_date,date32,dim_fin_weekly_country_variable,27/08/2024,Done,1,checkDupDateRange
Assumption_Input.xlsx,weekly_country_variable,end_date,end_date,date32,dim_fin_weekly_country_variable,27/08/2024,Done,1,checkDupDateRange
Assumption_Input.xlsx,weekly_country_variable,telecom_fee,telecom_fee,float32,dim_fin_weekly_country_variable,27/08/2024,Done,0,
Assumption_Input.xlsx,weekly_country_variable,logistics_fee,logistics_fee,float32,dim_fin_weekly_country_variable,27/08/2024,Done,0,
Assumption_Input.xlsx,weekly_country_variable,ga,ga,float32,dim_fin_weekly_country_variable,27/08/2024,Done,0,
Assumption_Input.xlsx,weekly_country_variable,ss_smgt_cost,ss_smgt_cost,float32,dim_fin_weekly_country_variable,27/08/2024,Done,0,
Assumption_Input.xlsx,weekly_offer,country_code,country_code,string,dim_fin_weekly_offer,27/08/2024,Done,1,checkDupDateRange
Assumption_Input.xlsx,weekly_offer,offer,offer,string,dim_fin_weekly_offer,27/08/2024,Done,1,checkDupDateRange
Assumption_Input.xlsx,weekly_offer,start_date,start_date,date32,dim_fin_weekly_offer,27/08/2024,Done,1,checkDupDateRange
Assumption_Input.xlsx,weekly_offer,end_date,end_date,date32,dim_fin_weekly_offer,27/08/2024,Done,1,checkDupDateRange
Assumption_Input.xlsx,weekly_offer,pd_unit_cost,pd_unit_cost,float32,dim_fin_weekly_offer,27/08/2024,Done,0,
Assumption_Input.xlsx,weekly_pub_fin_camp,country_code,country_code,string,dim_fin_weekly_pub_fin_camp,27/08/2024,Done,1,checkDupDim
Assumption_Input.xlsx,weekly_pub_fin_camp,fin_cp,fin_cp,string,dim_fin_weekly_pub_fin_camp,27/08/2024,Done,1,checkDupDim
Assumption_Input.xlsx,weekly_pub_fin_camp,offer,offer,string,dim_fin_weekly_pub_fin_camp,27/08/2024,Done,1,checkDupDim
https://neyucom.sharepoint.com/:x:/s/DATANEYU/EU9TizIuAmlKgO3a1ufJ8LIBknXOLBz4ujfr3XxI-CmBvw?e=8ZfoQC,"ID, VN, TH,MY,PH",country_code,country_code,string,dim_prod_category,5/9/2024,Done,1,checkDupDim
,,prod_name,prod_name,string,dim_prod_category,5/9/2024,Done,1,checkDupDim
,,prod_category,prod_category,string,dim_prod_category,5/9/2024,Done,0,
https://neyucom.sharepoint.com/:x:/s/DATANEYU/EU9TizIuAmlKgO3a1ufJ8LIBknXOLBz4ujfr3XxI-CmBvw?e=8ZfoQC,IN,country_code,country_code,string,dim_prod_category,5/9/2024,Done,1,checkDupDim
,,prod_name,prod_name,string,dim_prod_category,5/9/2024,Done,1,checkDupDim
,,prod_category,prod_category,string,dim_prod_category,5/9/2024,Done,0,
Assumption_Input.xlsx,weekly_channel,country_code,country_code,string,dim_fin_weekly_channel,10/2/2024,,1,checkDupDateRange
Assumption_Input.xlsx,weekly_channel,start_date,start_date,date32,dim_fin_weekly_channel,10/2/2024,,1,checkDupDateRange
Assumption_Input.xlsx,weekly_channel,end_date,end_date,date32,dim_fin_weekly_channel,10/2/2024,,1,checkDupDateRange
Assumption_Input.xlsx,weekly_channel,channel,channel,string,dim_fin_weekly_channel,10/2/2024,,1,checkDupDateRange
Assumption_Input.xlsx,weekly_channel,product,product,float,dim_fin_weekly_channel,10/2/2024,,0,
Assumption_Input.xlsx,weekly_channel,mkt_cost,mkt_cost,float,dim_fin_weekly_channel,10/2/2024,,0,
Assumption_Input.xlsx,weekly_channel,commission,commission,float,dim_fin_weekly_channel,10/2/2024,,0,
Assumption_Input.xlsx,weekly_channel,telecom,telecom,float,dim_fin_weekly_channel,10/2/2024,,0,
Assumption_Input.xlsx,weekly_channel,logistics,logistics,float,dim_fin_weekly_channel,10/2/2024,,0,
Assumption_Input.xlsx,weekly_channel,salary,salary,float,dim_fin_weekly_channel,10/2/2024,,0,
Assumption_Input.xlsx,weekly_channel,gp,gp,float,dim_fin_weekly_channel,10/2/2024,,0,
Assumption_Input.xlsx,weekly_channel,ga,ga,float,dim_fin_weekly_channel,10/2/2024,,0,
Assumption_Input.xlsx,weekly_channel,ebitda,ebitda,float,dim_fin_weekly_channel,10/2/2024,,0,
