job_name,at_minutes_run,at_hours_run,at_day(month)_run,at_month_run,at_day(week)_run,,,,,,,,
data_sale_master_job,50,9-22,*,*,*,,,,,,,,
generate_lead_backlog_report_job,30,7,*,*,*,,,,,,,,
generate_report_bod_daily_summary_job,0,"1,10,3,9",*,*,*,,,,,,,,
generate_report_logistics_id,0,"8,9,11,15,18,23",*,*,*,,,,,,,,
monitor_cl_fresh_freshness_job,30,6-22/1,*,*,1-5,,,,,,,,
monitor_cl_fresh_freshness_job,0,"9,15",*,*,"0,6",,,,,,,,
monitor_orchestrator_heartbeat,*/15,*,*,*,*,,,,,,,,
monitor_realtime_table_job,*/15,*,*,*,*,,,,,,,,
monitoring_sync_data_base_layer,35,0-24,*,*,*,,,,,,,,
populate_dim_table_job,0,22,*,*,*,,,,,,,,
refresh_aux_fact_tables_job,0,7,*,*,*,,,,,,,,
refresh_base_fact_tables_job,0,"6,11,15,18,23",*,*,*,,,,,,,,
refresh_cdm_dim_dr_forecast_job,0,"4,6,7,9,11,13,15,17,21",*,*,*,,,,,,,,
refresh_cdm_dim_dr_forecast_job_base_layer,30,0,*,*,*,,,,,,,,
refresh_daniel_dr_report_adhoc_job,30,5,*,*,*,,,,,,,,
refresh_exchange_rate_data_job,15,9,*,*,*,,,,,,,,
refresh_exchange_rate_data_job_base_layer,16,9,*,*,*,,,,,,,,
refresh_finance_daily_view_job,0,0,*,*,*,,,,,,,,
refresh_forecast_snapshot_job,0,"6,8,11,13,15,17,19,21",*,*,*,,,,,,,,
refresh_materialized_view_bd_master_job,1,"6,8,10,14,18,20",*,*,*,,,,,,,,
refresh_materialized_view_bd_master_job,30,12,*,*,*,,,,,,,,
refresh_materialized_view_sale_master_job,35,9-22,*,*,*,,,,,,,,
refresh_mb_data_daily_job,0,"8,22",*,*,*,,,,,,,,
refresh_mb_data_job,30,22,*,*,*,,,,,,,,
refresh_mkt_budget_control_job,0,"5,7,11,17,21",*,*,*,,,,,,,,
refresh_qa_master_job,40,"8,11,15,19",*,*,*,,,,,,,,
sync_data_base_layer,30,0-23,*,*,*,,,,,,,,
sync_dataset_geo_leadcost_tracking_job,15,"6,8,11,13,15,17,19,21",*,*,*,,,,,,,,
sync_forecast_snapshot_job,0,"6,8,11,13,15,17,19,21",*,*,*,,,,,,,,
sync_mb_keitaro_api_job,35,"8,9,10,11,12,13,14,16",*,*,*,,,,,,,,
sync_mkt_budget_control_job,0,"5,7,11,17,21",*,*,*,,,,,,,,
update_fct_affscale_network_conversion_job,"0,15,30,45",8-22,*,*,*,,,,,,,,
update_fct_affscale_network_conversion_one_time_only,0,1,*,*,*,,,,,,,,
update_mb_initial_stage_job,30,22,*,*,*,,,,,,,,
update_ods_affscale_conversion_job,"10,25,40,55",8-22,*,*,*,,,,,,,,
update_ods_affscale_conversion_one_time_only_job,0,2,*,*,*,,,,,,,,
,,,,,,,,,,,,,
,,,,,,,,,,,,,
,,,,,,,,,,,,,
,,,,,,,,,,,,,
,,,,,,,,,,,,,
,,,,,,,,,,,,,
,,,,,,,,,,,,,
